{
  "project_info": {
    "project_number": "186425585892",
    "firebase_url": "https://fir-authenication-8340a.firebaseio.com",
    "project_id": "fir-authenication-8340a",
    "storage_bucket": "fir-authenication-8340a.appspot.com"
  },
  "client": [
    {
      "client_info": {
        "mobilesdk_app_id": "1:186425585892:android:484bb896a3f0ed02e6bcf1",
        "android_client_info": {
          "package_name": "com.learningexamples.test.flutterfirestoreproject"
        }
      },
      "oauth_client": [
        {
          "client_id": "186425585892-qjus3r78c7rfaommvnfs4f3t6jk61ggr.apps.googleusercontent.com",
          "client_type": 3
        }
      ],
      "api_key": [
        {
          "current_key": "AIzaSyBi9c4PYQK43a_mIMO7PG1JpEVZkQR3q9g"
        }
      ],
      "services": {
        "appinvite_service": {
          "other_platform_oauth_client": [
            {
              "client_id": "186425585892-qjus3r78c7rfaommvnfs4f3t6jk61ggr.apps.googleusercontent.com",
              "client_type": 3
            }
          ]
        }
      }
    }
  ],
  "configuration_version": "1"
}